Filtr paliwa B3W033PR,IC-BA7097,1
Filtr paliwa Bosch 1 457 434 314 PP968,3165143410790,1
Filtr paliwa Filtron PP 940,5904608009401,1
Filtr paliwa Filtron PS860,5904608008602,2
Filtr paliwa B3W020PR,IC-A9755B,1
Filtr paliwa Filtron PS860,5904608008602,1
2#,2#,0
NAZWA_TOW,SYMBOL,ILOSC
3#,3#,0
NAZWA_TOW,SYMBOL,ILOSC
Filtr powietrza B2W020PR AP183,IC-AA0F22,2
Filtr powietrza B2W041PR,IC-AA0CA9,1
Filtr powietrza Filtron AR 286,5904608002860,1
Filtr powietrza B2W050PR AP186,IC-B9C560,1
Filtr powietrza FILTRON AP134/3,5904608041340,1
Filtr powietrza B2K005PR AP 138,IC-AA1EF3,1
Filtr powietrza B2R018PR AP 134/1,IC-BA87CB,1
Filtr powietrza BluePrint ADH22269,5050063006599,1
Filtr powietrza B2W047PR,IC-B9C57F,1
Filtr powietrza B2X028PR AP152,IC-AE7CE5,1
Filtr powietrza LX1950 AP142/4,4009026511442,1
Filtr powietrza B21060PR,IC-A8FDDB,1
4#,4#,0
Filtr powietrza B2G018PR AE251,AE251,1
Filtr powietrza B24033PR AP187/1,IC-A90042,1
Filtr powietrza Purflux A1096,3286061841791,1
Filtr powietrza B24033PR AP187/1,IC-A90042,1
Filtr powietrza B28038PR Ap 190/9,IC-B8B667,1
Filtr powietrza B28025PR,IC-A9006C,1
Filtr powietrza Filtron AR 257/3,5904608032577,1
Filtr powietrza B2R009PR AR275,IC-A9EADF,1
Filtr powietrza Filtron AR 255,5904608002556,1
Filtr powietrza FILTRON AK 317,5904608003171,1
Filtr powietrza B28013PR AK337,IC-A90098,1
Filtr powietrza Filtron AP 362/3,AP 362/3,1
Filtr powietrza FILTRON AP057,5904608000576,1
Filtr powietrza FILTRON AP 042,5904608000422,1
Filtr powietrza FILTRON AP040,5904608000408,1
Filtr powietrza B2W027PR,IC-AA0F23,1
Filtr powietrza B2W017PR Ap 157/2,IC-A9FCB7,1
Filtr powietrza B2X049PR,IC-B9C0A7,1
Filtr powietrza Mann C29012,4011558019709,1
Filtr powietrza B22108PR Ap 160/1,IC-AA0B83,2
Filtr powietrza B20505PR AP 177/1,IC-A94B07,1
Filtr powietrza B21029PR AP154,IC-A90065,2
5#,5#,0
Filtr powietrza B2G041PR AP 156,IC-AEF6FE,1
Filtr powietrza B2F032PR AP 077,IC-AEF6E8,1
Filtr powietrza FILTRON AP074/4,5904608050748,1
Filtr powietrza B2C049PR AP58/8,IC-C3E2A8,1
Filtr powietrza B22090PR Ap 167/1,IC-A900A4,1
Filtr powietrza B22088PR AP 167/2,IC-A900BE,1
Filtr powietrza B2A011PR AP179/1,IC-B9C57D,1
Filtr paliwa MANN PP 974/1,4011558952105,1
Filtr paliwa FILTRON PS 820 ,PS 820,3
Zawór filtra paliwa HP102 730,1274200000019,2
Filtr paliwa IP000010 ,IC-C373A5,10
6#,6#,0
Zestaw naprawczy zacisku Autofren D4612,8430320051574,2
Zestaw naprawczy zacisku ham. D4337,8430320032115,4
LIM3078 Pasta do hamulców,4100420030789,4
Zestaw naprawczy pompy ham. SC/CN D1542,8430320031026,1
Osram H15,4008321218391,1
Świeca zapłonowa NGK BKR5EYA,87295120873,8
Świeca NGK ZFR6P-G,87295168936,6
Świeca zapłonowa NGK BKR6EYA-11,87295140734,3
Świeca zapłonowa NGK B8EA,87295121207,3
Świeca zapłonowa NGK C7HSA,87295146293,2
Świeca zapłonowa NGK D7EA,87295179123,2
Świeca zapłonowa NGK BPR6ES,87295140086,2
Świeca zapłonowa NGK B8HS,87295155103,1
Świeca zapłonowa NGK BP7HS,87295151112,1
Świeca zapłonowa NGL BR7ES,87295151228,1
Świeca zapłonowa NGK BR9ES,87295157220,1
Świeca zapłonowa NGK DPR8EA-9,87295149294,1
Świeca zapłonowa NGK BR2-LM,87295157985,1
Świeca zapłonowa NGK B7HS,87295151105,1
NGK V-LINE NR23,87295044834,1
NGK V-LINE NR2,87295022689,1
NGK V-LINE NR21,87295059326,4
NGK V-LINE NR20,87295043882,4
NGK V-LINE NR19,87295072653,4
NGK V-LINE NR18,87295039755,4
NGK V-LINE NR17,87295062371,4
NGK V-LINE NR16,87295047835,4
NGK V-LINE NR15,87295029411,4
NGK V-LINE NR14,87295064658,4
NGK V-LINE NR13,87295053393,8
NGK V-LINE NR12,87295061299,4
NGK V-LINE NR11,87295052822,4
NGK V-LINE NR10,87295035771,4
NGK V-LINE NR9,87295031537,4
NGK V-LINE NR8,87295023648,4
NGK V-LINE NR7,87295011836,4
NGK V-LINE NR5,87295064665,4
NGK V-LINE NR4,87295056370,8
NGK V-LINE NR3,87295045534,4
NGK V-LINE NR2,87295022689,4
NGK V-LINE NR1,87295028766,4
7#,7#,0
Filtr oleju Filtron OP 539,5904608005397,2
Filtr oleju OP 541,5904608005410,1
Filtr oleju Filtron OE 540/1,5904608015402,1
Filtr oleju Filtron OE 537,5904608005373,2
CERAM CB,5907439901029,2
CERAM CK,5907439901012,1
CERAM CM-2T,5907439901050,1
Filtr oleju Filtron OP 569,5904608005694,1
8#,8#,0
NGK V-LINE NR24,87295030455,8
NGK V-LINE NR26,87295168950,8
NGK V-LINE NR27,87295054611,4
NGK V-LINE NR29,87295063422,4
NGK V-LINE NR31,87295063446,4
NGK V-LINE NR32,87295063453,4
NGK V-LINE NR33,87295016626,4
NGK V-LINE NR35,87295016671,4
NGK V-LINE NR39,87295057766,4
NGK V-line NR40,87295817636,6
NGK V-LINE NR41,NR41,4
NGK V-line NR42,87295874721,4
NGK V-line NR45,87295864630,4
NGK V-line NR46,87295822975,4
NGK V-line NR48,87295868157,4
NGK V-line NR53,8795843017,4
Świeca zapłonowa Denso K16TT,42511460348,4
Świeca zapłonowa NGK DCPR7EN-10,87295149836,4
Świeca zapłonowa Bosch 0 242 236 560-7A0,4047024115514,4
Świeca zapłonowa NGK DPR8EA-9,87295149294,3
Świeca zapłonowa NGK BPR6ES,87295178225,1
Świeca zapłonowa NGK BKUR5ET-10,87295175538,4
Świeca żarowa D-power nr4,87295156056,4
Świeca zapłonowa NGK BKR5ES,87295124604,1
Świeca zapłonowa Bosch 0 242 235 758,3165143505250,4
9#,9#,0
Wentyl 4max 4806-20-0413P,IC-B76FFB,97
Poduszka skrzyni biegów FZ90379,IC-B44D2C,1
Linka ham. Linex 14.20.01,14.20.01,1
Linka ham. Linex 14.20.02,14.20.02,1
Uszczelka pokrywy zaw. EL068190,4041248147955,1
Uszczelka kolektora EL480650,4041248511893,2
Pasek antystatyczny MMT O176 PA100,5901225422736,2
Uszczelka Bosal 256-705,3351642567053,1
Uszczelka tłumika Bosal 256-054,3351642560542,1
Uszczelka tłumika Bosal 256-087,3351642560870,1
Kierunkowskaz Depo 661-1406N-UE,661-1406N-UE,1
Kierunkowskaz Depo 215-1424N-UE,215-1424N-UE,2
Oprawka Hella 12 26 084,IC-598071,1
Lampa kierunkowskazu Depo 442-1403N-UE,442-1403N-UE,1
Linka ham. ręcznego Linex 14.01.03,14.01.03,1
Tuleja wahacza Tedgum 00213189,5908229910375,4
Poduszka silnika FZ90358,IC-B4173A,1
Osłona przegubu Impregom 27438,8033989080543,1
Klucz do świec TOPTUL 21mm CTFB2135,5900427602618,1
Poduszka skrzyni biegów IMP26046,8033989068350,1
10#,10#,0
Wycieraczki Valeo VAL577845,3276425778450,1
Sprężyna gazowa MM GS0100 430719010000,8001063455396,2
Sprężyna gazowa MM GS0080 430719008000,1063455198,2
Sprężyna gazowa Krosno KR23115,5907446222063,1
Sprężyna gazowa Krosno KR21678,5907446226320,2
HP302 763 Dystans,9532310000018,1
Wieszak t?umika Bosal 255-079,3351642550796,2
Pokrowiec kierownicy MMT CP10061,5902596581244,3
Uszczelka głowicy Elring EL710.251,4041248119112,2
Uszczelka głowicy Elring EL144.470,4041248010976,1
Uszczelka pokrywy Elring EL136.271,4041248567135,1
Linka hol. MMT A155 002,5900744092222,1
Pasek klinowy Conti 10x613,4010858780319,1
Pasek klinowy Conti 10x800,4010858780074,1
Pasek klinowy Conti 10x913,4010858780166,2
Pasek klinowy Conti 10 x 735,4010858780050,1
Pasek klinowy Conti 10 x 710,4010858878849,1
Pasek wieloklinowy Conti 4PK950,4010858478575,1
11#,11#,0
Wahacz Febi FE15952,4027816159520,1
Wahacz Magneti ARM001 301181300100,8001063172866,1
Wahacz Magneti ARM002 301181300200,8001063172873,1
Łańcuchy antypoślizgowe E9/90,8429296990000,1
Szczęki ham. LPR00890,8032532037133,1
Szczęki ham. LPR08770,8032532063750,1
CHAINLUBE ROADP C2+ 400ml,3374650005218,1
MA 20-A10 Smar miedziany spray 400ml,20-A10,2
MA 20-A04 Środek do styków 250ml,5905694012207,1
GREASEN GRAFIT 800G Orlen Smar grafitowy,5901001777654,1
12#,12#,0
Filtr powietrza FILTRON AP092/9,5904608100924,1
Filtr powietrza B2G029PR,IC-AA1EF1,1
Filtr powietrza PURFLUX A1143,3286064000270,1
Filtr powietrza Filtron AP 107/2,5904608031075,2
Filtr powietrza b2c025PR,IC-C57EFE,1
Filtr powietrza B2R018PR AP 134/1,IC-BA87CB,1
Filtr powietrza B2R024PR AP132,IC-A9C559,1
Filtr powietrza FILTRON AP130/10,5904608111302,1
Filtr powietrza B2P012PR,IC-A9C547,1
Filtr powietrza B23045PR AP111/1,IC-A900D8,2
Filtr powietrza B28038PR Ap 190/9,IC-B8B667,1
Filtr powietrza B24055PR AP 104/4,IC-A8FDEF,1
Filtr powietrza FILTRON AP130/2,5904608031303,1
Filtr powietrza FILTRON AP092/5,5904608060921,1
Filtr powietrza B2F057PR Ap 091/4,IC-A9FFB8,1
Filtr powietrza B20514PR Ap107/1,IC-A94B0F,1
Filtr powietrza B20318PR AP108/2,IC-A94AF6,1
Filtr powietrza B20327PR Ap 108/9,IC-A94AFF,1
Filtr powietrza FILTRON AP 129,5904608001290,1
Filtr powietrza B24057PR AP104/6,IC-AA005C,1
Filtr powietrza B24072PR,IC-B3B3B7,1
Filtr powietrza FILTRON AP020/2,5904608030207,1
Filtr powietrza B2F056PR Ap 022/1,IC-B46EC3,1
Filtr powietrza B2B000PR Ap 026,IC-AA042C,1
Filtr powietrza Filtron AP 026,5904608000262,1
Filtr powietrza B2F028PR,IC-AA0C5F,1
Filtr powietrza FILTRON AP002,5904608000026,1
Filtr powietrza FILTRON AP003,5904608000033,1
13#,13#,0
Amortyzator Magnum AHF016MT,AHF016MT,2
Filtr powietrza FILTRON AP005,5904608000057,1
Filtr powietrza FILTRON AP006,5904608000064,1
Filtr paliwa Bosch 1 457 434 293,4047023566072,1
Filtr kabinowy B42001PR K1134-2x,IC-A9010E,1
KNECHT LAK73/S,4009026504895,1
Filtr kabinowy B40307PR,IC-A94B5D,1
14#,14#,0
Filtr powietrza Filtron AP 074,5904608000743,1
Filtr powietrza Filtron AP 091/4,5904608050915,1
Filtr pow. kabinowy Filtron K 1108,5904608081087,1
Filtr kabinowy B4D005PR-2X,IC-CFE33E,1
Filtr.pow. Knecht K1115,4009026507629,1
Filtr kabinowy B44008PR,IC-A8FE13,1
Filtr kabinowy B40305PR K1232,IC-A94B5B,1
Fltr kabinowy B40006PR K1166,IC-A94AD0,1
filtr kabinowy b43002pr K1112-2x,IC-A9013C,1
Filtr powietrza Filtron AP 082,5904608000828,1
Filtr powietrza Filtron AP 082/2,5904608020826,1
Filtr powietrza Filtron AP 078/2,5904608030788,1
15#,15#,0
Filtr kabinowy B4G000PR K1008,IC-A9C475,1
Filtr powietrza B2P012PR Ap 021,IC-A9C547,1
Filtr powietrza B2F036PR AP091,IC-A9C489,1
Filtr kabinowy Filtron K1262-2x,5904608802620,1
Filtr powietrza B2X020PR AP071,IC-A9FD56,1
Filtr powietrza B2F002PR,IC-AEF6EA,1
Filtr powietrza B2G024PR,IC-AA017A,1
Filtr powietrza FILTRON AP071,5904608000712,1
Filtr pow. kabinowy Knecht LA39,4009026069424,1
Filtr powietrza B2F032PR AP 077,IC-AEF6E8,1
Filtr powietrza FILTRON AP076,5904608000767,2
Filtr powietrza B2F031PR AP076,IC-A9C7B7,1
16#,16#,0
Filtr powietrza FILTRON AP051/6,5904608070517,1
Filtr powietrza B20004PR AP 082/2,IC-A94AAC,1
Filtr powietrza Filtron AP 080/9,5904608100801,1
Filtr powietrza FILTRON AP074/5,5904608060747,1
Filtr powietrza B2F032PR AP 077,IC-AEF6E8,1
Filtr powietrza B2G063PR Ap 074/6,IC-B46EE7,1
Filtr kabinowy B4F021PR K1209,IC-B46F22,1
Filtr powietrza B2G030PR AP 074,IC-AA017B,1
Filtr powietrza Filtron AP 058/2,5904608030580,1
Filtr kabinowy B41000PR,IC-A900D4,1
17#,17#,0
Filtr kabinowy Filtron K1002,5904608010025,1
Filtr pow. kabinowy Filtron K 1045,5904608010452,1
Filtr kabinowy Filtron K1051,5904608010513,1
Filtr pow. kabinowy Filtron K 1046,5904608010469,1
Filtr powietrza B2W012PR AP060,IC-A900D4,0
Filtr pow. kabinowy Filtron K 1095,5904608080950,1
Filtr kabinowy Filtron K 1022,5904608010223,1
Filtr pow. kabinowy Filtron K 1027,5904608010278,1
Filtr kabinowy B4M027CPR,IC-BA87D2,1
Filtr kabinowy Filtron K1232,5904608802323,1
Filtr kabinowy B4M028CPR-2x,IC-BE3A69,1
Filtr kabinowy B40309PR K1245 K1277,IC-B2B07F,3
Filtr kabinowy B44003PR,IC-A9017C,1
,,562
